PatientID,Age,Gender,Height,ICUType,Weight,Albumin,ALP,ALT,AST,Bilirubin,BUN,Cholesterol,Creatinine,DiasABP,Fi02,GCS,Glucose,HC03,HCT,HR,K,Lactate,Mg,MAP,Na,NIDIasABP,NIMAP,NISysABP,PaC02,Pa02,pH,Platelets,RespRate,Sa02,SysABP,Temp,Urine,WBC,SAPS-I,SOFA,Length_of_stay,Survival,In-hospital_death
306,60,1,169.787,3,118.4,2.55,1039.17,4927.17,10320,9.15,53.3636,156.574,5.10909,51.4891,0.971429,3.11111,328.167,13.9231,33.2857,122.225,5.07692,17.65,2.70909,65.4444,133.167,38.7368,51.7368,90.3684,29.3529,88.3529,7.25941,33.125,19.661,91.6667,101.772,35.5286,12.9355,17.3571,33,22,7,1,1
1286,22,0,169.787,3,62.3595,2.7,104.25,5446.75,7830.25,4.75,34.6667,88,3.15,73.8333,0.427273,5.6,125,14.6667,23.7625,124.96,4.53333,6.3,2.66,91.2667,136.833,57.5,77.4545,143.409,24,151.8,7.43,91.75,19.661,96.5649,124.6,36.8391,35.025,11.8857,20,10,3,2,1
1571,20,1,169.787,3,75.6,3.16667,94.8571,9143.43,5929.14,3.34286,13.1429,156.574,0.842857,0,0.549199,14.8889,148.714,22.7143,34.2429,81.7143,3.94286,3.3,2.14286,81.0551,140.714,62.025,81.1667,119.45,38,93,7.38,195,18.1633,96.5649,0,36.6615,93.2903,9.9,5,4,4,nan,0
2339,44,0,170.2,1,99.408,2.97187,134,4940,15680,0.5,38,156.574,3.64,60.7027,0.672222,4.23529,145,16.25,33.75,131.592,4.5,12.79,1.975,70.5,144,57.3514,76.3004,117.281,34,131.312,7.28562,114.4,19.661,95.8571,95.1081,38.8146,7.15789,21.1,24,16,3,2,1
3661,36,0,169.787,3,62.2,3.3625,92.2,9059.4,7669.8,7.31,21.3333,156.574,1.75714,59.5434,0.549199,14.8696,110.286,21.7143,34.7333,104.979,3.48571,2.31983,1.91667,81.0551,140.143,65.0667,83.5847,120.622,30.5,107.5,7.42,94.1667,22.766,97,118.591,36.8,46.7381,8.31667,10,7,9,nan,0
3827,21,1,167.6,4,74,3.27778,88.4,8133,5582,2.54,15.1111,156.574,0.811111,70.8276,0.549199,15,140,20.4444,39.2444,118.694,4.01111,4.6,1.75,87.1034,135,72.9048,95.1095,139.524,30.3333,124,7.42667,40.3333,22.102,96.5649,118.897,37.6941,245.455,12.3333,6,nan,5,nan,0
3918,30,1,188,1,193,2.8,100,4911.67,8743,2.86667,43.1429,156.574,4.15714,70.9423,0.488889,3.71429,258.286,15.2857,39.4,128.379,4.7,6.46667,1.95714,82.4808,133.714,49,65.5825,98.75,31.5714,145,7.28071,264.333,19.661,97.1667,105.769,38.8238,18.9412,16.4667,20,15,18,nan,0
